ID,Local_ID,Language_ID,Parameter_ID,Value,Form,Segments,Comment,Source,Cognacy,Loan,Graphemes,Profile
Czech-1_one-1,,Czech,1_one,jɛdɛn,jɛdɛn,j ɛ d ɛ n,,Czech,,,,
Czech-2_two-1,,Czech,2_two,dva,dva,d v a,,Czech,,,,
Czech-3_three-1,,Czech,3_three,tr̝ɪ,tr̝ɪ,t r ̝ ɪ,,Czech,,,,
Czech-4_four-1,,Czech,4_four,tʃtɪr̝ɪ,tʃtɪr̝ɪ,t ʃ t ɪ r ̝ ɪ,,Czech,,,,
Czech-5_five-1,,Czech,5_five,pjɛt,pjɛt,p j ɛ t,,Czech,,,,
Czech-6_six-1,,Czech,6_six,ʃɛst,ʃɛst,ʃ ɛ s t,,Czech,,,,
Czech-7_seven-1,,Czech,7_seven,sɛdm,sɛdm,s ɛ d m,,Czech,,,,
Czech-8_eight-1,,Czech,8_eight,osm,osm,o s m,,Czech,,,,
Czech-9_nine-1,,Czech,9_nine,dɛvjɛt,dɛvjɛt,d ɛ v j ɛ t,,Czech,,,,
Czech-10_ten-1,,Czech,10_ten,dɛsɛt,dɛsɛt,d ɛ s ɛ t,,Czech,,,,
Czech-11_eleven-1,,Czech,11_eleven,jɛdɛnaːtst,jɛdɛnaːtst,j ɛ d ɛ - / n + n a ː t s t,,Czech,,,,
Czech-12_twelve-1,,Czech,12_twelve,dvanaːtst,dvanaːtst,d v a + n a ː t s t,,Czech,,,,
Czech-13_thirteen-1,,Czech,13_thirteen,tr̝ɪnaːtst,tr̝ɪnaːtst,t r ̝ ɪ + n a ː t s t,,Czech,,,,
Czech-14_fourteen-1,,Czech,14_fourteen,tʃtrnaːtst,tʃtrnaːtst,t ʃ t - / ɪ r / r ̝ - / ɪ + n a ː t s t,,Czech,,,,
Czech-15_fifteen-1,,Czech,15_fifteen,patnaːtst,patnaːtst,p - / j a / ɛ t + n a ː t s t,,Czech,,,,
Czech-16_sixteen-1,,Czech,16_sixteen,ʃɛstnaːtst,ʃɛstnaːtst,ʃ ɛ s t + n a ː t s t,,Czech,,,,
Czech-17_seventeen-1,,Czech,17_seventeen,sɛdmnaːtst,sɛdmnaːtst,s ɛ d m + n a ː t s t,,Czech,,,,
Czech-18_eighteen-1,,Czech,18_eighteen,osmnaːtst,osmnaːtst,o s m + n a ː t s t,,Czech,,,,
Czech-19_nineteen-1,,Czech,19_nineteen,dɛvatɛnaːtst,dɛvatɛnaːtst,d ɛ v - / j a / ɛ t ɛ / - + n a ː t s t,,Czech,,,,
Czech-20_twenty-1,,Czech,20_twenty,dvatsɛt,dvatsɛt,d v a + - / d - / ɛ t s / s ɛ t,,Czech,,,,
Czech-21_twentyone-1,,Czech,21_twentyone,dvatsɛt jɛdna,dvatsɛt jɛdna,d v a + - / d - / ɛ t s / s ɛ t + j ɛ d - / ɛ n a / -,,Czech,,,,
Czech-22_twentytwo-1,,Czech,22_twentytwo,dvatsɛt dva,dvatsɛt dva,d v a + - / d - / ɛ t s / s ɛ t + d v a,,Czech,,,,
Czech-23_twentythree-1,,Czech,23_twentythree,dvatsɛt tr̝ɪ,dvatsɛt tr̝ɪ,d v a + - / d - / ɛ t s / s ɛ t + t r ̝ ɪ,,Czech,,,,
Czech-24_twentyfour-1,,Czech,24_twentyfour,dvatsɛt tʃtɪr̝ɪ,dvatsɛt tʃtɪr̝ɪ,d v a + - / d - / ɛ t s / s ɛ t + t ʃ t ɪ r ̝ ɪ,,Czech,,,,
Czech-25_twentyfive-1,,Czech,25_twentyfive,dvatsɛt pjɛt,dvatsɛt pjɛt,d v a + - / d - / ɛ t s / s ɛ t + p j ɛ t,,Czech,,,,
Czech-26_twentysix-1,,Czech,26_twentysix,dvatsɛt ʃɛst,dvatsɛt ʃɛst,d v a + - / d - / ɛ t s / s ɛ t + ʃ ɛ s t,,Czech,,,,
Czech-27_twentyseven-1,,Czech,27_twentyseven,dvatsɛt sedm,dvatsɛt sedm,d v a + - / d - / ɛ t s / s ɛ t + s e d m,,Czech,,,,
Czech-28_twentyeight-1,,Czech,28_twentyeight,dvatsɛt osm,dvatsɛt osm,d v a + - / d - / ɛ t s / s ɛ t + o s m,,Czech,,,,
Czech-29_twentynine-1,,Czech,29_twentynine,dvatsɛt dɛvjɛt,dvatsɛt dɛvjɛt,d v a + - / d - / ɛ t s / s ɛ t + d ɛ v j ɛ t,,Czech,,,,
Czech-30_thirty-1,,Czech,30_thirty,tr̝ɪtsɛt,tr̝ɪtsɛt,t r ̝ ɪ + - / d - / ɛ t s / s ɛ t,,Czech,,,,
Czech-31_thirtyone-1,,Czech,31_thirtyone,tr̝ɪtsɛt jɛdna,tr̝ɪtsɛt jɛdna,t r ̝ ɪ + - / d - / ɛ t s / s ɛ t + j ɛ d - / ɛ n a / -,,Czech,,,,
Czech-32_thirtytwo-1,,Czech,32_thirtytwo,tr̝ɪtsɛt dva,tr̝ɪtsɛt dva,t r ̝ ɪ + - / d - / ɛ t s / s ɛ t + d v a,,Czech,,,,
Czech-33_thirtythree-1,,Czech,33_thirtythree,tr̝ɪtsɛt tr̝ɪ,tr̝ɪtsɛt tr̝ɪ,t r ̝ ɪ + - / d - / ɛ t s / s ɛ t + t r ̝ ɪ,,Czech,,,,
Czech-34_thirtyfour-1,,Czech,34_thirtyfour,tr̝ɪtsɛt tʃtɪr̝ɪ,tr̝ɪtsɛt tʃtɪr̝ɪ,t r ̝ ɪ + - / d - / ɛ t s / s ɛ t + t ʃ t ɪ r ̝ ɪ,,Czech,,,,
Czech-35_thirtyfive-1,,Czech,35_thirtyfive,tr̝ɪtsɛt pjɛt,tr̝ɪtsɛt pjɛt,t r ̝ ɪ + - / d - / ɛ t s / s ɛ t + p j ɛ t,,Czech,,,,
Czech-36_thirtysix-1,,Czech,36_thirtysix,tr̝ɪtsɛt ʃɛst,tr̝ɪtsɛt ʃɛst,t r ̝ ɪ + - / d - / ɛ t s / s ɛ t + ʃ ɛ s t,,Czech,,,,
Czech-37_thirtyseven-1,,Czech,37_thirtyseven,tr̝ɪtsɛt sedm,tr̝ɪtsɛt sedm,t r ̝ ɪ + - / d - / ɛ t s / s ɛ t + s e d m,,Czech,,,,
Czech-38_thirtyeight-1,,Czech,38_thirtyeight,tr̝ɪtsɛt osm,tr̝ɪtsɛt osm,t r ̝ ɪ + - / d - / ɛ t s / s ɛ t + o s m,,Czech,,,,
Czech-39_thirtynine-1,,Czech,39_thirtynine,tr̝ɪtsɛt dɛvjɛt,tr̝ɪtsɛt dɛvjɛt,t r ̝ ɪ + - / d - / ɛ t s / s ɛ t + d ɛ v j ɛ t,,Czech,,,,
Czech-40_forty-1,,Czech,40_forty,tʃtɪr̝ɪtsɛt,tʃtɪr̝ɪtsɛt,t ʃ t ɪ r ̝ ɪ + - / d - / ɛ t s / s ɛ t,,Czech,,,,
French-1_one-1,,French,1_one,œ̃,œ̃,œ ̃,,French,,,,
French-2_two-1,,French,2_two,dø,dø,d ø,,French,,,,
French-3_three-1,,French,3_three,tʁwɑ,tʁwɑ,t ʁ w ɑ,,French,,,,
French-4_four-1,,French,4_four,katʁ,katʁ,k a t ʁ,,French,,,,
French-5_five-1,,French,5_five,sɛ̃k,sɛ̃k,s ɛ ̃ k,,French,,,,
French-6_six-1,,French,6_six,sis,sis,s i s,,French,,,,
French-7_seven-1,,French,7_seven,sɛt,sɛt,s ɛ t,,French,,,,
French-8_eight-1,,French,8_eight,ɥit,ɥit,ɥ i t,,French,,,,
French-9_nine-1,,French,9_nine,nœf,nœf,n œ f,,French,,,,
French-10_ten-1,,French,10_ten,dis,dis,d i s,,French,,,,
French-11_eleven-1,,French,11_eleven,ɔ̃z,ɔ̃z,ɔ ̃ z,,French,,,,
French-12_twelve-1,,French,12_twelve,duz,duz,d u z,,French,,,,
French-13_thirteen-1,,French,13_thirteen,tʁɛz,tʁɛz,t ʁ ɛ z,,French,,,,
French-14_fourteen-1,,French,14_fourteen,katɔʁz,katɔʁz,k a t ɔ ʁ z,,French,,,,
French-15_fifteen-1,,French,15_fifteen,kɛ̃z,kɛ̃z,k ɛ ̃ z,,French,,,,
French-16_sixteen-1,,French,16_sixteen,sɛz,sɛz,s ɛ z,,French,,,,
French-17_seventeen-1,,French,17_seventeen,disɛt,disɛt,d i - / s + s ɛ t,,French,,,,
French-18_eighteen-1,,French,18_eighteen,dizɥit,dizɥit,d i z / s + ɥ i t,,French,,,,
French-19_nineteen-1,,French,19_nineteen,diznœf,diznœf,d i z / s + n œ f,,French,,,,
French-20_twenty-1,,French,20_twenty,vɛ̃,vɛ̃,v ɛ ̃,,French,,,,
French-21_twentyone-1,,French,21_twentyone,vɛ̃teœ̃,vɛ̃teœ̃,v ɛ ̃ t / - + e + œ ̃,,French,,,,
French-22_twentytwo-1,,French,22_twentytwo,vɛ̃dø,vɛ̃dø,v ɛ ̃ t / - + d ø,,French,,,,
French-23_twentythree-1,,French,23_twentythree,vɛ̃tʁwɑ,vɛ̃tʁwɑ,v ɛ ̃ t / - + t ʁ w ɑ,,French,,,,
French-24_twentyfour-1,,French,24_twentyfour,vɛ̃tkatʁ,vɛ̃tkatʁ,v ɛ ̃ t / - + k a t ʁ,,French,,,,
French-25_twentyfive-1,,French,25_twentyfive,vɛ̃tsɛ̃k,vɛ̃tsɛ̃k,v ɛ ̃ t / - + s ɛ ̃ k,,French,,,,
French-26_twentysix-1,,French,26_twentysix,vɛ̃tsis,vɛ̃tsis,v ɛ ̃ t / - + s i s,,French,,,,
French-27_twentyseven-1,,French,27_twentyseven,vɛ̃tsɛt,vɛ̃tsɛt,v ɛ ̃ t / - + s ɛ t,,French,,,,
French-28_twentyeight-1,,French,28_twentyeight,vɛ̃tɥit,vɛ̃tɥit,v ɛ ̃ t / - + ɥ i t,,French,,,,
French-29_twentynine-1,,French,29_twentynine,vɛ̃nœf,vɛ̃nœf,v ɛ ̃ t / - + n œ f,,French,,,,
French-30_thirty-1,,French,30_thirty,tʁɑ̃t,tʁɑ̃t,t ʁ - / w - / ɑ + ɑ ̃ t,,French,,,,
French-31_thirtyone-1,,French,31_thirtyone,tʁɑ̃teœ̃,tʁɑ̃teœ̃,t ʁ - / w - / ɑ + ɑ ̃ t + e + œ ̃,,French,,,,
French-32_thirtytwo-1,,French,32_thirtytwo,tʁɑ̃tdø,tʁɑ̃tdø,t ʁ - / w - / ɑ + ɑ ̃ t + d ø,,French,,,,
French-33_thirtythree-1,,French,33_thirtythree,tʁɑ̃t tʁwɑ,tʁɑ̃t tʁwɑ,t ʁ - / w - / ɑ + ɑ ̃ t + t ʁ w ɑ,,French,,,,
French-34_thirtyfour-1,,French,34_thirtyfour,tʁɑ̃tkatʁ,tʁɑ̃tkatʁ,t ʁ - / w - / ɑ + ɑ ̃ t + k a t ʁ,,French,,,,
French-35_thirtyfive-1,,French,35_thirtyfive,tʁɑ̃tsɛ̃k,tʁɑ̃tsɛ̃k,t ʁ - / w - / ɑ + ɑ ̃ t + s ɛ ̃ k,,French,,,,
French-36_thirtysix-1,,French,36_thirtysix,tʁɑ̃tsis,tʁɑ̃tsis,t ʁ - / w - / ɑ + ɑ ̃ t + s i s,,French,,,,
French-37_thirtyseven-1,,French,37_thirtyseven,tʁɑ̃tsɛt,tʁɑ̃tsɛt,t ʁ - / w - / ɑ + ɑ ̃ t + s ɛ t,,French,,,,
French-38_thirtyeight-1,,French,38_thirtyeight,tʁɑ̃tɥit,tʁɑ̃tɥit,t ʁ - / w - / ɑ + ɑ ̃ t + ɥ i t,,French,,,,
French-39_thirtynine-1,,French,39_thirtynine,tʁɑ̃tnœf,tʁɑ̃tnœf,t ʁ - / w - / ɑ + ɑ ̃ t + n œ f,,French,,,,
French-40_forty-1,,French,40_forty,kaʁɑ̃t,kaʁɑ̃t,k a - / t ʁ + ɑ ̃ t,,French,,,,
German-1_one-1,,German,1_one,eins,eins,a i n s,,List2025,,,,
German-2_two-1,,German,2_two,zwei,zwei,t s v a i,,List2025,,,,
German-3_three-1,,German,3_three,drei,drei,d r a i,,List2025,,,,
German-4_four-1,,German,4_four,vier,vier,f i : r,,List2025,,,,
German-5_five-1,,German,5_five,fünf,fünf,f y n f,,List2025,,,,
German-6_six-1,,German,6_six,sechs,sechs,z e k s,,List2025,,,,
German-7_seven-1,,German,7_seven,sieben,sieben,z i : b ə n,,List2025,,,,
German-8_eight-1,,German,8_eight,acht,acht,a x t,,List2025,,,,
German-9_nine-1,,German,9_nine,neun,neun,n o i n,,List2025,,,,
German-10_ten-1,,German,10_ten,zehn,zehn,t s e : n,,List2025,,,,
German-11_eleven-1,,German,11_eleven,elf,elf,E l f,,List2025,,,,
German-12_twelve-1,,German,12_twelve,zwölf,zwölf,t s v ø l f,,List2025,,,,
German-13_thirteen-1,,German,13_thirteen,dreizehn,dreizehn,d r a i t s e : n,,List2025,,,,
German-14_fourteen-1,,German,14_fourteen,vierzehn,vierzehn,f i : r t s e : n,,List2025,,,,
German-15_fifteen-1,,German,15_fifteen,fünfzehn,fünfzehn,f y n f t s e : n,,List2025,,,,
German-16_sixteen-1,,German,16_sixteen,sechzehn,sechzehn,z E ç t s e : n,,List2025,,,,
German-17_seventeen-1,,German,17_seventeen,siebzehn,siebzehn,z i : p t s e : n,,List2025,,,,
German-18_eighteen-1,,German,18_eighteen,achtzehn,achtzehn,a x t s e : n,,List2025,,,,
German-19_nineteen-1,,German,19_nineteen,neunzehn,neunzehn,n o i n t s e : n,,List2025,,,,
German-20_twenty-1,,German,20_twenty,zwanzig,zwanzig,t s v a n t s I ç,,List2025,,,,
German-21_twentyone-1,,German,21_twentyone,einundzwanzig,einundzwanzig,a i n U n t s v a n t s I ç,,List2025,,,,
German-22_twentytwo-1,,German,22_twentytwo,zweiundzwanzig,zweiundzwanzig,t s v a i U n t s v a n t s I ç,,List2025,,,,
German-23_twentythree-1,,German,23_twentythree,dreiundzwanzig,dreiundzwanzig,d r a i U n t s v a n t s I ç,,List2025,,,,
German-24_twentyfour-1,,German,24_twentyfour,vierundzwanzig,vierundzwanzig,f i : r U n t s v a n t s I ç,,List2025,,,,
German-25_twentyfive-1,,German,25_twentyfive,fünfundzwanzig,fünfundzwanzig,f y n f U n t s v a n t s I ç,,List2025,,,,
German-26_twentysix-1,,German,26_twentysix,sechsundzwanzig,sechsundzwanzig,z E k s U n t s v a n t s I ç,,List2025,,,,
German-27_twentyseven-1,,German,27_twentyseven,siebenundzwanzig,siebenundzwanzig,z i : b ə n U n t s v a n t s I ç,,List2025,,,,
German-28_twentyeight-1,,German,28_twentyeight,achtundzwanzig,achtundzwanzig,a x t U n t s v a n t s I ç,,List2025,,,,
German-29_twentynine-1,,German,29_twentynine,neunundzwanzig,neunundzwanzig,n o i n U n t s v a n t s I ç,,List2025,,,,
German-30_thirty-1,,German,30_thirty,dreißig,dreißig,d r a i s I ç,,List2025,,,,
German-31_thirtyone-1,,German,31_thirtyone,einunddreißig,einunddreißig,a i n U n d r a i s I ç,,List2025,,,,
German-32_thirtytwo-1,,German,32_thirtytwo,zweiunddreißig,zweiunddreißig,t s v a i U n d r a i s I ç,,List2025,,,,
German-33_thirtythree-1,,German,33_thirtythree,dreiunddreißig,dreiunddreißig,d r a i U n d r a i s I ç,,List2025,,,,
German-34_thirtyfour-1,,German,34_thirtyfour,vierunddreißig,vierunddreißig,f i : r U n d r a i s I ç,,List2025,,,,
German-35_thirtyfive-1,,German,35_thirtyfive,fünfunddreißig,fünfunddreißig,f y n f U n d r a i s I ç,,List2025,,,,
German-36_thirtysix-1,,German,36_thirtysix,sechsunddreißig,sechsunddreißig,z E k s U n d r a i s I ç,,List2025,,,,
German-37_thirtyseven-1,,German,37_thirtyseven,siebenunddreißig,siebenunddreißig,z i : b ə n U n d r a i s I ç,,List2025,,,,
German-38_thirtyeight-1,,German,38_thirtyeight,achtunddreißig,achtunddreißig,a x t U n d r a i s I ç,,List2025,,,,
German-39_thirtynine-1,,German,39_thirtynine,neununddreißig,neununddreißig,n o i n U n d r a i s I ç,,List2025,,,,
Hindi-1_one-1,,Hindi,1_one,ek,ek,e k,,Hindi,,,,
Hindi-2_two-1,,Hindi,2_two,do,do,d o,,Hindi,,,,
Hindi-3_three-1,,Hindi,3_three,ti:n,ti:n,t i ː n,,Hindi,,,,
Hindi-4_four-1,,Hindi,4_four,ca:r,ca:r,t ʃ a ː r,,Hindi,,,,
Hindi-5_five-1,,Hindi,5_five,pã:c,pã:c,p ã ː t ʃ,,Hindi,,,,
Hindi-6_six-1,,Hindi,6_six,che,che,t ʃ ʰ e,,Hindi,,,,
Hindi-7_seven-1,,Hindi,7_seven,sa:t,sa:t,s a ː t,,Hindi,,,,
Hindi-8_eight-1,,Hindi,8_eight,a:ṭh,a:ṭh,a ː ʈ ʰ,,Hindi,,,,
Hindi-9_nine-1,,Hindi,9_nine,nav,nav,n ɔ,,Hindi,,,,
Hindi-10_ten-1,,Hindi,10_ten,das,das,d a s,,Hindi,,,,
Hindi-11_eleven-1,,Hindi,11_eleven,gia:rah,gia:rah,g j a + r a h,,Hindi,,,,
Hindi-12_twelve-1,,Hindi,12_twelve,ba:rah,ba:rah,b a ː + r a h,,Hindi,,,,
Hindi-13_thirteen-1,,Hindi,13_thirteen,terah,terah,t e + r a h,,Hindi,,,,
Hindi-14_fourteen-1,,Hindi,14_fourteen,cɔdah,cɔdah,t ʃ ɔ + d a h,,Hindi,,,,
Hindi-15_fifteen-1,,Hindi,15_fifteen,pandrah,pandrah,p a n + d r a h,,Hindi,,,,
Hindi-16_sixteen-1,,Hindi,16_sixteen,solah,solah,s o l + a h,,Hindi,,,,
Hindi-17_seventeen-1,,Hindi,17_seventeen,satrah,satrah,s a t + r a h,,Hindi,,,,
Hindi-18_eighteen-1,,Hindi,18_eighteen,aṭha:rah,aṭha:rah,a ː ʈ ʰ a ː + r a h,,Hindi,,,,
Hindi-19_nineteen-1,,Hindi,19_nineteen,unni:s,unni:s,u n n i ː s,,Hindi,,,,
Hindi-20_twenty-1,,Hindi,20_twenty,bi:s,bi:s,b i ː s,,Hindi,,,,
Hindi-21_twentyone-1,,Hindi,21_twentyone,ikki:s,ikki:s,i k + k i ː s,,Hindi,,,,
Hindi-22_twentytwo-1,,Hindi,22_twentytwo,ba:i:s,ba:i:s,b a ː + i ː s,,Hindi,,,,
Hindi-23_twentythree-1,,Hindi,23_twentythree,tei:s,tei:s,t e i ː + s,,Hindi,,,,
Hindi-24_twentyfour-1,,Hindi,24_twentyfour,cɔbi:s,cɔbi:s,t ʃ ɔ + b i ː s,,Hindi,,,,
Hindi-25_twentyfive-1,,Hindi,25_twentyfive,pacci:s,pacci:s,p a t ʃ + t ʃ i ː s,,Hindi,,,,
Hindi-26_twentysix-1,,Hindi,26_twentysix,chabbi:s,chabbi:s,t ʃ ʰ a b + b i ː s,,Hindi,,,,
Hindi-27_twentyseven-1,,Hindi,27_twentyseven,satta:i:s,satta:i:s,s a t t a ː + i ː s,,Hindi,,,,
Hindi-28_twentyeight-1,,Hindi,28_twentyeight,aṭṭha:i:s,aṭṭha:i:s,a ʈ ʈ ʰ a ː + i ː s,,Hindi,,,,
Hindi-29_twentynine-1,,Hindi,29_twentynine,untti:s,untti:s,u n t + t i ː s,,Hindi,,,,
Hindi-30_thirty-1,,Hindi,30_thirty,ti:s,ti:s,t i ː s,,Hindi,,,,
Hindi-31_thirtyone-1,,Hindi,31_thirtyone,ikatti:s,ikatti:s,i k a t + t i ː s,,Hindi,,,,
Hindi-32_thirtytwo-1,,Hindi,32_thirtytwo,batti:s,batti:s,b a t + t i ː s,,Hindi,,,,
Hindi-33_thirtythree-1,,Hindi,33_thirtythree,tɛ̃nti:s,tɛ̃nti:s,t ɛ ̃ n + t i ː,,Hindi,,,,
Hindi-34_thirtyfour-1,,Hindi,34_thirtyfour,cɔnti:s,cɔnti:s,t ʃ ɔ n + t i ː s,,Hindi,,,,
Hindi-35_thirtyfive-1,,Hindi,35_thirtyfive,pɛ̃ti:s,pɛ̃ti:s,p ɛ ̃ + t i ː s,,Hindi,,,,
Hindi-36_thirtysix-1,,Hindi,36_thirtysix,chatti:s,chatti:s,t ʃ ʰ a t + t i ː s,,Hindi,,,,
Hindi-37_thirtyseven-1,,Hindi,37_thirtyseven,sɛ̃ti:s,sɛ̃ti:s,s ɛ ̃ t + i ː s,,Hindi,,,,
Hindi-38_thirtyeight-1,,Hindi,38_thirtyeight,aṛta:li:s,aṛta:li:s,a ɽ t a ː l + i ː s,,Hindi,,,,
Hindi-39_thirtynine-1,,Hindi,39_thirtynine,unta:li:s,unta:li:s,u n + t a ː l i ː s,,Hindi,,,,
Hindi-40_forty-1,,Hindi,40_forty,ca:li:s,ca:li:s,t ʃ a ː l i ː s,,Hindi,,,,
Irish-1_one-1,,Irish,1_one,eːnˠ,eːnˠ,e ː n ˠ,,Dellert2020;Focloir_Scoile1998;Heggarty2024;Teanglann2025,,,,
Irish-2_two-1,,Irish,2_two,d̪ˠoː,d̪ˠoː,d ̪ ˠ o ː,,Dellert2020;Focloir_Scoile1998;Heggarty2024;Teanglann2025,,,,
Irish-3_three-1,,Irish,3_three,tʲɾʲiː,tʲɾʲiː,t ʲ ɾ ʲ i ː,,Dellert2020;Focloir_Scoile1998;Heggarty2024;Teanglann2025,,,,
Irish-4_four-1,,Irish,4_four,cahəɾʲ,cahəɾʲ,c a h ə ɾ ʲ,,Dellert2020;Focloir_Scoile1998;Heggarty2024;Teanglann2025,,,,
Irish-5_five-1,,Irish,5_five,kuːɟ,kuːɟ,k u ː ɟ,,Dellert2020;Focloir_Scoile1998;Heggarty2024;Teanglann2025,,,,
Irish-6_six-1,,Irish,6_six,ʃeː,ʃeː,ʃ e ː,,Dellert2020;Focloir_Scoile1998;Heggarty2024;Teanglann2025,,,,
Irish-7_seven-1,,Irish,7_seven,ʃaxt̪ˠ,ʃaxt̪ˠ,ʃ a x t ̪ ˠ,,Dellert2020;Focloir_Scoile1998;Heggarty2024;Teanglann2025,,,,
Irish-8_eight-1,,Irish,8_eight,ɔxt̪ˠ,ɔxt̪ˠ,ɔ x t ̪ ˠ,,Dellert2020;Focloir_Scoile1998;Heggarty2024;Teanglann2025,,,,
Irish-9_nine-1,,Irish,9_nine,n̪ˠiː,n̪ˠiː,n ̪ ˠ i ː,,Dellert2020;Focloir_Scoile1998;Heggarty2024;Teanglann2025,,,,
Irish-10_ten-1,,Irish,10_ten,dʲɛç,dʲɛç,d ʲ ɛ ç,,Dellert2020;Focloir_Scoile1998;Heggarty2024;Teanglann2025,,,,
Irish-11_eleven-1,,Irish,11_eleven,eːnˠdʲeːɡ,eːnˠdʲeːɡ,e ː n ˠ + d ʲ e ː ɡ,,Dellert2020;Focloir_Scoile1998;Heggarty2024;Teanglann2025,,,,
Irish-12_twelve-1,,Irish,12_twelve,d̪ˠoːjeːɡ,d̪ˠoːjeːɡ,d ̪ ˠ o ː + j / d ʲ e ː ɡ,,Dellert2020;Focloir_Scoile1998;Heggarty2024;Teanglann2025,,,,
Irish-13_thirteen-1,,Irish,13_thirteen,tʲɾʲiːdʲeːg,tʲɾʲiːdʲeːg,t ʲ ɾ ʲ i ː + d ʲ e ː g,,Dellert2020;Focloir_Scoile1998;Heggarty2024;Teanglann2025,,,,
Irish-14_fourteen-1,,Irish,14_fourteen,cahəɾʲjeːɡ,cahəɾʲjeːɡ,c a h ə ɾ ʲ + d ʲ e ː ɡ,,Dellert2020;Focloir_Scoile1998;Heggarty2024;Teanglann2025,,,,
Irish-15_fifteen-1,,Irish,15_fifteen,kuːɟdʲeːɡ,kuːɟdʲeːɡ,k u ː ɟ + d ʲ e ː ɡ,,Dellert2020;Focloir_Scoile1998;Heggarty2024;Teanglann2025,,,,
Irish-16_sixteen-1,,Irish,16_sixteen,ʃeːdʲeːg,ʃeːdʲeːg,ʃ e ː + d ʲ e ː g,,Dellert2020;Focloir_Scoile1998;Heggarty2024;Teanglann2025,,,,
Irish-17_seventeen-1,,Irish,17_seventeen,ʃaxt̪ˠdʲeːɡ,ʃaxt̪ˠdʲeːɡ,ʃ a x t ̪ ˠ + d ʲ e ː ɡ,,Dellert2020;Focloir_Scoile1998;Heggarty2024;Teanglann2025,,,,
Irish-18_eighteen-1,,Irish,18_eighteen,ɔxt̪ˠdʲeːɡ,ɔxt̪ˠdʲeːɡ,ɔ x t ̪ ˠ + d ʲ e ː ɡ,,Dellert2020;Focloir_Scoile1998;Heggarty2024;Teanglann2025,,,,
Irish-19_nineteen-1,,Irish,19_nineteen,n̪ˠiːdʲeːɡ,n̪ˠiːdʲeːɡ,n ̪ ˠ i ː + d ʲ e ː ɡ,,Dellert2020;Focloir_Scoile1998;Heggarty2024;Teanglann2025,,,,
Irish-20_twenty-1,,Irish,20_twenty,fʲɪçə,fʲɪçə,f ʲ ɪ ç ə,,Dellert2020;Focloir_Scoile1998;Heggarty2024;Teanglann2025,,,,
Irish-21_twentyone-1,,Irish,21_twentyone,fʲɪçəheːnˠ,fʲɪçəheːnˠ,f ʲ ɪ ç ə + - / ə + h / - e ː n ˠ,,Dellert2020;Focloir_Scoile1998;Heggarty2024;Teanglann2025,,,,
Irish-22_twentytwo-1,,Irish,22_twentytwo,fʲɪçəd̪ˠoː,fʲɪçəd̪ˠoː,f ʲ ɪ ç ə + - / ə + d ̪ ˠ o ː,,Dellert2020;Focloir_Scoile1998;Heggarty2024;Teanglann2025,,,,
Irish-23_twentythree-1,,Irish,23_twentythree,fʲɪçətʲɾʲiː,fʲɪçətʲɾʲiː,f ʲ ɪ ç ə + - / ə + t ʲ ɾ ʲ i ː,,Dellert2020;Focloir_Scoile1998;Heggarty2024;Teanglann2025,,,,
Irish-24_twentyfour-1,,Irish,24_twentyfour,fʲɪçəcahəɾʲ,fʲɪçəcahəɾʲ,f ʲ ɪ ç ə + - / ə + c a h ə ɾ ʲ,,Dellert2020;Focloir_Scoile1998;Heggarty2024;Teanglann2025,,,,
Irish-25_twentyfive-1,,Irish,25_twentyfive,fʲɪçəkuːɟ,fʲɪçəkuːɟ,f ʲ ɪ ç ə + - / ə + k u ː ɟ,,Dellert2020;Focloir_Scoile1998;Heggarty2024;Teanglann2025,,,,
Irish-26_twentysix-1,,Irish,26_twentysix,fʲɪçəʃeː,fʲɪçəʃeː,f ʲ ɪ ç ə + - / ə + ʃ e ː,,Dellert2020;Focloir_Scoile1998;Heggarty2024;Teanglann2025,,,,
Irish-27_twentyseven-1,,Irish,27_twentyseven,fʲɪçəʃaxt̪ˠ,fʲɪçəʃaxt̪ˠ,f ʲ ɪ ç ə + - / ə + ʃ a x t ̪ ˠ,,Dellert2020;Focloir_Scoile1998;Heggarty2024;Teanglann2025,,,,
Irish-28_twentyeight-1,,Irish,28_twentyeight,fʲɪçəhɔxt̪ˠ,fʲɪçəhɔxt̪ˠ,f ʲ ɪ ç ə + - / ə + h / - ɔ x t ̪ ˠ,,Dellert2020;Focloir_Scoile1998;Heggarty2024;Teanglann2025,,,,
Irish-29_twentynine-1,,Irish,29_twentynine,fʲɪçən̪ˠiː,fʲɪçən̪ˠiː,f ʲ ɪ ç ə + - / ə + n ̪ ˠ i ː,,Dellert2020;Focloir_Scoile1998;Heggarty2024;Teanglann2025,,,,
Irish-30_thirty-1,,Irish,30_thirty,tʲɾʲiːxə,tʲɾʲiːxə,t ʲ ɾ ʲ i ː + - / ə x ə,,Dellert2020;Focloir_Scoile1998;Heggarty2024;Teanglann2025,,,,
Irish-31_thirtyone-1,,Irish,31_thirtyone,tʲɾʲiːxəheːnˠ,tʲɾʲiːxəheːnˠ,t ʲ ɾ ʲ i ː + - / ə x ə + - / ə + h / - e ː n ˠ,,Dellert2020;Focloir_Scoile1998;Heggarty2024;Teanglann2025,,,,
Irish-32_thirtytwo-1,,Irish,32_thirtytwo,tʲɾʲiːxəd̪ˠoː,tʲɾʲiːxəd̪ˠoː,t ʲ ɾ ʲ i ː + - / ə x ə + - / ə + d ̪ ˠ o ː,,Dellert2020;Focloir_Scoile1998;Heggarty2024;Teanglann2025,,,,
Irish-33_thirtythree-1,,Irish,33_thirtythree,tʲɾʲiːxətʲɾʲiː,tʲɾʲiːxətʲɾʲiː,t ʲ ɾ ʲ i ː + - / ə x ə + - / ə + t ʲ ɾ ʲ i ː,,Dellert2020;Focloir_Scoile1998;Heggarty2024;Teanglann2025,,,,
Irish-34_thirtyfour-1,,Irish,34_thirtyfour,tʲɾʲiːxəcahəɾʲ,tʲɾʲiːxəcahəɾʲ,t ʲ ɾ ʲ i ː + - / ə x ə + - / ə + c a h ə ɾ ʲ,,Dellert2020;Focloir_Scoile1998;Heggarty2024;Teanglann2025,,,,
Irish-35_thirtyfive-1,,Irish,35_thirtyfive,tʲɾʲiːxəkuːɟ,tʲɾʲiːxəkuːɟ,t ʲ ɾ ʲ i ː + - / ə x ə + - / ə + k u ː ɟ,,Dellert2020;Focloir_Scoile1998;Heggarty2024;Teanglann2025,,,,
Irish-36_thirtysix-1,,Irish,36_thirtysix,tʲɾʲiːxəʃeː,tʲɾʲiːxəʃeː,t ʲ ɾ ʲ i ː + - / ə x ə + - / ə + ʃ e ː,,Dellert2020;Focloir_Scoile1998;Heggarty2024;Teanglann2025,,,,
Irish-37_thirtyseven-1,,Irish,37_thirtyseven,tʲɾʲiːxəʃaxt̪ˠ,tʲɾʲiːxəʃaxt̪ˠ,t ʲ ɾ ʲ i ː + - / ə x ə + - / ə + ʃ a x t ̪ ˠ,,Dellert2020;Focloir_Scoile1998;Heggarty2024;Teanglann2025,,,,
Irish-38_thirtyeight-1,,Irish,38_thirtyeight,tʲɾʲiːxəhɔxt̪ˠ,tʲɾʲiːxəhɔxt̪ˠ,t ʲ ɾ ʲ i ː + - / ə x ə + - / ə + h / - ɔ x t ̪ ˠ,,Dellert2020;Focloir_Scoile1998;Heggarty2024;Teanglann2025,,,,
Irish-39_thirtynine-1,,Irish,39_thirtynine,tʲɾʲiːxən̪ˠiː,tʲɾʲiːxən̪ˠiː,t ʲ ɾ ʲ i ː + - / ə x ə + - / ə + n ̪ ˠ i ː,,Dellert2020;Focloir_Scoile1998;Heggarty2024;Teanglann2025,,,,
Irish-40_forty-1,,Irish,40_forty,d̪ˠaçəd̪ˠ,d̪ˠaçəd̪ˠ,d ̪ ˠ a / o ː + - / f ʲ - / ɪ ç ə + d ̪ ˠ,,Dellert2020;Focloir_Scoile1998;Heggarty2024;Teanglann2025,,,,
Irish-40_forty-2,,Irish,40_forty,cahɾˠəxə,cahɾˠəxə,c a h - / ə ɾ ˠ / ɾ ʲ + ə x ə,,Dellert2020;Focloir_Scoile1998;Heggarty2024;Teanglann2025,,,,
Latin-1_one-1,,Latin,1_one,uːnʊs,uːnʊs,u ː n + ʊ s,,Dellert2020;Rubenbauer1995,,,,
Latin-2_two-1,,Latin,2_two,dʊɔ,dʊɔ,d ʊ ɔ,,Dellert2020;Rubenbauer1995,,,,
Latin-3_three-1,,Latin,3_three,treːs,treːs,t r e ː s,,Dellert2020;Rubenbauer1995,,,,
Latin-4_four-1,,Latin,4_four,kʷatːʊɔr,kʷatːʊɔr,k ʷ a t ː ʊ ɔ r,,Dellert2020;Rubenbauer1995,,,,
Latin-5_five-1,,Latin,5_five,kʷiːŋkʷɛ,kʷiːŋkʷɛ,k ʷ i ː ŋ k ʷ ɛ,,Dellert2020;Rubenbauer1995,,,,
Latin-6_six-1,,Latin,6_six,sɛks,sɛks,s ɛ k s,,Dellert2020;Rubenbauer1995,,,,
Latin-7_seven-1,,Latin,7_seven,sɛptɛ̃,sɛptɛ̃,s ɛ p t ɛ ̃ / ɛ - / m,,Dellert2020;Rubenbauer1995,,,,
Latin-8_eight-1,,Latin,8_eight,ɔktoː,ɔktoː,ɔ k t o ː,,Dellert2020;Rubenbauer1995,,,,
Latin-9_nine-1,,Latin,9_nine,nɔwɛ̃,nɔwɛ̃,n ɔ w ɛ ̃ / ɛ - / m,,Dellert2020;Rubenbauer1995,,,,
Latin-10_ten-1,,Latin,10_ten,dɛkɛ̃,dɛkɛ̃,d ɛ k ɛ ̃ / ɛ - / m,,Dellert2020;Rubenbauer1995,,,,
Latin-11_eleven-1,,Latin,11_eleven,uːndɛkɪ̃,uːndɛkɪ̃,u ː n + d ɛ k ɪ ̃ / ɛ - / m,,Dellert2020;Rubenbauer1995,,,,
Latin-12_twelve-1,,Latin,12_twelve,dʊɔdɛkɪ̃,dʊɔdɛkɪ̃,d ʊ ɔ + d ɛ k ɪ ̃ / ɛ - / m,,Dellert2020;Rubenbauer1995,,,,
Latin-13_thirteen-1,,Latin,13_thirteen,treːdɛkɪ̃,treːdɛkɪ̃,t r e ː - / s + d ɛ k ɪ ̃ / ɛ - / m,,Dellert2020;Rubenbauer1995,,,,
Latin-14_fourteen-1,,Latin,14_fourteen,kʷatːʊɔrdɛkɪ̃,kʷatːʊɔrdɛkɪ̃,k ʷ a t ː ʊ ɔ r + d ɛ k ɪ ̃ / ɛ - / m,,Dellert2020;Rubenbauer1995,,,,
Latin-15_fifteen-1,,Latin,15_fifteen,kʷiːndɛkɪ̃,kʷiːndɛkɪ̃,k ʷ i ː n / ŋ - / k ʷ - / ɛ + d ɛ k ɪ ̃ / ɛ - / m,,Dellert2020;Rubenbauer1995,,,,
Latin-16_sixteen-1,,Latin,16_sixteen,seːdɛkɪ̃,seːdɛkɪ̃,s e ː / ɛ - / k - / s + d ɛ k ɪ ̃ / ɛ - / m,,Dellert2020;Rubenbauer1995,,,,
Latin-17_seventeen-1,,Latin,17_seventeen,sɛptɛndɛkɪ̃,sɛptɛndɛkɪ̃,s ɛ p t ɛ n / m + d ɛ k ɪ ̃ / ɛ - / m,,Dellert2020;Rubenbauer1995,,,,
Latin-18_eighteen-1,,Latin,18_eighteen,dʊodeːwiːɡɪntiː,dʊodeːwiːɡɪntiː,d ʊ ɔ + d e ː + w i ː g ɪ n t i ː,,Dellert2020;Rubenbauer1995,,,,
Latin-19_nineteen-1,,Latin,19_nineteen,ʊndeːwiːɡɪntiː,ʊndeːwiːɡɪntiː,ʊ / u ː n + d e ː + w i ː g ɪ n t i ː,,Dellert2020;Rubenbauer1995,,,,
Latin-20_twenty-1,,Latin,20_twenty,wiːɡɪntiː,wiːɡɪntiː,w i ː g ɪ n t i ː,,Dellert2020;Rubenbauer1995,,,,
Latin-21_twentyone-1,,Latin,21_twentyone,wiːɡɪntiː_uːnʊs,wiːɡɪntiː_uːnʊs,w i ː g ɪ n t i ː + u ː n + ʊ s,,Dellert2020;Rubenbauer1995,,,,
Latin-22_twentytwo-1,,Latin,22_twentytwo,wiːɡɪntiː_dʊɔ,wiːɡɪntiː_dʊɔ,w i ː g ɪ n t i ː + d ʊ ɔ,,Dellert2020;Rubenbauer1995,,,,
Latin-23_twentythree-1,,Latin,23_twentythree,wiːɡɪntiː_treːs,wiːɡɪntiː_treːs,w i ː g ɪ n t i ː + t r e ː s,,Dellert2020;Rubenbauer1995,,,,
Latin-24_twentyfour-1,,Latin,24_twentyfour,wiːɡɪntiː_kʷatːʊɔr,wiːɡɪntiː_kʷatːʊɔr,w i ː g ɪ n t i ː + k ʷ a t ː ʊ ɔ r,,Dellert2020;Rubenbauer1995,,,,
Latin-25_twentyfive-1,,Latin,25_twentyfive,wiːɡɪntiː_kʷiːŋkʷɛ,wiːɡɪntiː_kʷiːŋkʷɛ,w i ː g ɪ n t i ː + k ʷ i ː ŋ k ʷ ɛ,,Dellert2020;Rubenbauer1995,,,,
Latin-26_twentysix-1,,Latin,26_twentysix,wiːɡɪntiː_sɛks,wiːɡɪntiː_sɛks,w i ː g ɪ n t i ː + s ɛ k s,,Dellert2020;Rubenbauer1995,,,,
Latin-27_twentyseven-1,,Latin,27_twentyseven,wiːɡɪntiː_sɛptɛ̃,wiːɡɪntiː_sɛptɛ̃,w i ː g ɪ n t i ː + s ɛ p t ɛ ̃ / ɛ - / m,,Dellert2020;Rubenbauer1995,,,,
Latin-28_twentyeight-1,,Latin,28_twentyeight,dʊodeːtriːɡɪnta,dʊodeːtriːɡɪnta,d ʊ ɔ + d e ː + t r i ː / e ː - / s + g ɪ n t a ː,,Dellert2020;Rubenbauer1995,,,,
Latin-29_twentynine-1,,Latin,29_twentynine,ʊndeːtriːɡɪnta,ʊndeːtriːɡɪnta,ʊ / u ː n + d e ː + t r i ː / e ː - / s + g ɪ n t a ː,,Dellert2020;Rubenbauer1995,,,,
Latin-30_thirty-1,,Latin,30_thirty,triːɡɪntaː,triːɡɪntaː,t r i ː / e ː - / s + g ɪ n t a ː,,Dellert2020;Rubenbauer1995,,,,
Latin-31_thirtyone-1,,Latin,31_thirtyone,triːɡɪntaː_uːnʊs,triːɡɪntaː_uːnʊs,t r i ː / e ː - / s + g ɪ n t a ː + u ː n + ʊ s,,Dellert2020;Rubenbauer1995,,,,
Latin-32_thirtytwo-1,,Latin,32_thirtytwo,triːɡɪntaː_dʊɔ,triːɡɪntaː_dʊɔ,t r i ː / e ː - / s + g ɪ n t a ː + d ʊ ɔ,,Dellert2020;Rubenbauer1995,,,,
Latin-33_thirtythree-1,,Latin,33_thirtythree,triːɡɪntaː_treːs,triːɡɪntaː_treːs,t r i ː / e ː - / s + g ɪ n t a ː + t r e ː s,,Dellert2020;Rubenbauer1995,,,,
Latin-34_thirtyfour-1,,Latin,34_thirtyfour,triːɡɪntaː_kʷatːʊɔr,triːɡɪntaː_kʷatːʊɔr,t r i ː / e ː - / s + g ɪ n t a ː + k ʷ a t ː ʊ ɔ r,,Dellert2020;Rubenbauer1995,,,,
Latin-35_thirtyfive-1,,Latin,35_thirtyfive,triːɡɪntaː_kʷiːŋkʷɛ,triːɡɪntaː_kʷiːŋkʷɛ,t r i ː / e ː - / s + g ɪ n t a ː + k ʷ i ː ŋ k ʷ ɛ,,Dellert2020;Rubenbauer1995,,,,
Latin-36_thirtysix-1,,Latin,36_thirtysix,triːɡɪntaː_sɛks,triːɡɪntaː_sɛks,t r i ː / e ː - / s + g ɪ n t a ː + s ɛ k s,,Dellert2020;Rubenbauer1995,,,,
Latin-37_thirtyseven-1,,Latin,37_thirtyseven,triːɡɪntaː_sɛptɛ̃,triːɡɪntaː_sɛptɛ̃,t r i ː / e ː - / s + g ɪ n t a ː + s ɛ p t ɛ ̃ / ɛ - / m,,Dellert2020;Rubenbauer1995,,,,
Latin-38_thirtyeight-1,,Latin,38_thirtyeight,dʊodeːkʷadraːɡɪntaː,dʊodeːkʷadraːɡɪntaː,d ʊ ɔ + d e ː + k ʷ a d / t ː - / ʊ - / ɔ r + a ː + g ɪ n t a ː,,Dellert2020;Rubenbauer1995,,,,
Latin-39_thirtynine-1,,Latin,39_thirtynine,ʊndeːkʷadraːɡɪntaː,ʊndeːkʷadraːɡɪntaː,ʊ / u ː n + d e ː + k ʷ a d / t ː - / ʊ - / ɔ r + a ː + g ɪ n t a ː,,Dellert2020;Rubenbauer1995,,,,
Latin-40_forty-1,,Latin,40_forty,kʷadraːɡɪntaː,kʷadraːɡɪntaː,k ʷ a d / t ː - / ʊ - / ɔ r + a ː + g ɪ n t a ː,,Dellert2020;Rubenbauer1995,,,,
Maltese-1_one-1,,Maltese,1_one,wɪħɛd,wɪħɛd,w ɪ ħ ɛ d,,Maltese,,,,
Maltese-2_two-1,,Maltese,2_two,tnɛjn,tnɛjn,t n ɛ j n,,Maltese,,,,
Maltese-3_three-1,,Maltese,3_three,tlɪtɐ,tlɪtɐ,t l ɪ t ɐ,,Maltese,,,,
Maltese-4_four-1,,Maltese,4_four,ɛrbʔɐ,ɛrbʔɐ,ɛ r b ʔ ɐ,,Maltese,,,,
Maltese-5_five-1,,Maltese,5_five,ħamsɐ,ħamsɐ,ħ a m s ɐ,,Maltese,,,,
Maltese-6_six-1,,Maltese,6_six,sɪttɐ,sɪttɐ,s ɪ t t ɐ,,Maltese,,,,
Maltese-7_seven-1,,Maltese,7_seven,sɛbɐʔ,sɛbɐʔ,s ɛ b ɐ ʔ,,Maltese,,,,
Maltese-8_eight-1,,Maltese,8_eight,tmɪnjɐ,tmɪnjɐ,t m ɪ n j ɐ,,Maltese,,,,
Maltese-9_nine-1,,Maltese,9_nine,dɪzʕɐ,dɪzʕɐ,d ɪ z ʕ ɐ,,Maltese,,,,
Maltese-10_ten-1,,Maltese,10_ten,ʔaʃrɐ,ʔaʃrɐ,ʔ a ʃ r ɐ,,Maltese,,,,
Maltese-11_eleven-1,,Maltese,11_eleven,ħdaʃ,ħdaʃ,ħ d + a ʃ,,Maltese,,,,
Maltese-12_twelve-1,,Maltese,12_twelve,tnaʃ,tnaʃ,t n + a ʃ,,Maltese,,,,
Maltese-13_thirteen-1,,Maltese,13_thirteen,tlɛttaʃ,tlɛttaʃ,t l ɛ t t + a ʃ,,Maltese,,,,
Maltese-14_fourteen-1,,Maltese,14_fourteen,ɛrbataʃ,ɛrbataʃ,ɛ r b a t + a ʃ,,Maltese,,,,
Maltese-15_fifteen-1,,Maltese,15_fifteen,ħmɪstaʃ,ħmɪstaʃ,ħ m ɪ s t + a ʃ,,Maltese,,,,
Maltese-16_sixteen-1,,Maltese,16_sixteen,sɪttaʃ,sɪttaʃ,s ɪ t t + a ʃ,,Maltese,,,,
Maltese-17_seventeen-1,,Maltese,17_seventeen,sbataʃ,sbataʃ,s b a t + a ʃ,,Maltese,,,,
Maltese-18_eighteen-1,,Maltese,18_eighteen,tmɪntaʃ,tmɪntaʃ,t m ɪ n t + a ʃ,,Maltese,,,,
Maltese-19_nineteen-1,,Maltese,19_nineteen,dzataʃ,dzataʃ,d z a t + a ʃ,,Maltese,,,,
Maltese-20_twenty-1,,Maltese,20_twenty,ʔɔʃr + ɪn,ʔɔʃr + ɪn,ʔ ɔ ʃ r ɪ n,,Maltese,,,,
Maltese-21_twentyone-1,,Maltese,21_twentyone,wɪħɛd u ʔɔʃrɪn,wɪħɛd u ʔɔʃrɪn,w ɪ ħ ɛ d + u + ʔ ɔ ʃ r ɪ n,,Maltese,,,,
Maltese-22_twentytwo-1,,Maltese,22_twentytwo,tnɛjn u ʔɔʃrɪn,tnɛjn u ʔɔʃrɪn,t n ɛ j n + u + ʔ ɔ ʃ r ɪ n,,Maltese,,,,
Maltese-23_twentythree-1,,Maltese,23_twentythree,tlɪtɐ u ʔɔʃrɪn,tlɪtɐ u ʔɔʃrɪn,t l ɪ t ɐ + u + ʔ ɔ ʃ r ɪ n,,Maltese,,,,
Maltese-24_twentyfour-1,,Maltese,24_twentyfour,ɛrbʔɐ u ʔɔʃrɪn,ɛrbʔɐ u ʔɔʃrɪn,ɛ r b ʔ ɐ + u + ʔ ɔ ʃ r ɪ n,,Maltese,,,,
Maltese-25_twentyfive-1,,Maltese,25_twentyfive,ħamsɐ u ʔɔʃrɪn,ħamsɐ u ʔɔʃrɪn,ħ a m s ɐ + u + ʔ ɔ ʃ r ɪ n,,Maltese,,,,
Maltese-26_twentysix-1,,Maltese,26_twentysix,sɪttɐ u ʔɔʃrɪn,sɪttɐ u ʔɔʃrɪn,s ɪ t t ɐ + u + ʔ ɔ ʃ r ɪ n,,Maltese,,,,
Maltese-27_twentyseven-1,,Maltese,27_twentyseven,sɛbɐʔ u ʔɔʃrɪn,sɛbɐʔ u ʔɔʃrɪn,s ɛ b ɐ ʔ + u + ʔ ɔ ʃ r ɪ n,,Maltese,,,,
Maltese-28_twentyeight-1,,Maltese,28_twentyeight,tmɪnjɐ u ʔɔʃrɪn,tmɪnjɐ u ʔɔʃrɪn,t m ɪ n j ɐ + u + ʔ ɔ ʃ r ɪ n,,Maltese,,,,
Maltese-29_twentynine-1,,Maltese,29_twentynine,dɪzʕɐ u ʔɔʃrɪn,dɪzʕɐ u ʔɔʃrɪn,d ɪ z ʕ ɐ + u + ʔ ɔ ʃ r ɪ n,,Maltese,,,,
Maltese-30_thirty-1,,Maltese,30_thirty,tlɛtɪn,tlɛtɪn,t l ɛ t + ɪ n,,Maltese,,,,
Maltese-31_thirtyone-1,,Maltese,31_thirtyone,wɪħɛd u tlɛtɪn,wɪħɛd u tlɛtɪn,w ɪ ħ ɛ d + u + t l ɛ t + ɪ n,,Maltese,,,,
Maltese-32_thirtytwo-1,,Maltese,32_thirtytwo,tnɛjn u tlɛtɪn,tnɛjn u tlɛtɪn,t n ɛ j n + u + t l ɛ t + ɪ n,,Maltese,,,,
Maltese-33_thirtythree-1,,Maltese,33_thirtythree,tlɪtɐ u tlɛtɪn,tlɪtɐ u tlɛtɪn,t l ɪ t ɐ + u + t l ɛ t + ɪ n,,Maltese,,,,
Maltese-34_thirtyfour-1,,Maltese,34_thirtyfour,ɛrbʔɐ u tlɛtɪn,ɛrbʔɐ u tlɛtɪn,ɛ r b ʔ ɐ + u + t l ɛ t + ɪ n,,Maltese,,,,
Maltese-35_thirtyfive-1,,Maltese,35_thirtyfive,ħamsɐ u tlɛtɪn,ħamsɐ u tlɛtɪn,ħ a m s ɐ + u + t l ɛ t + ɪ n,,Maltese,,,,
Maltese-36_thirtysix-1,,Maltese,36_thirtysix,sɪttɐ u tlɛtɪn,sɪttɐ u tlɛtɪn,s ɪ t t ɐ + u + t l ɛ t + ɪ n,,Maltese,,,,
Maltese-37_thirtyseven-1,,Maltese,37_thirtyseven,sɛbɐʔ u tlɛtɪn,sɛbɐʔ u tlɛtɪn,s ɛ b ɐ ʔ + u + t l ɛ t + ɪ n,,Maltese,,,,
Maltese-38_thirtyeight-1,,Maltese,38_thirtyeight,tmɪnjɐ u tlɛtɪn,tmɪnjɐ u tlɛtɪn,t m ɪ n j ɐ + u + t l ɛ t + ɪ n,,Maltese,,,,
Maltese-39_thirtynine-1,,Maltese,39_thirtynine,dɪzʕɐ u tlɛtɪn,dɪzʕɐ u tlɛtɪn,d ɪ z ʕ ɐ + u + t l ɛ t + ɪ n,,Maltese,,,,
Maltese-40_forty-1,,Maltese,40_forty,ɛrbʕɪn,ɛrbʕɪn,ɛ r b ʕ + ɪ n,,Maltese,,,,
Scottish_Gaelic-1_one-1,,Scottish_Gaelic,1_one,ɯ̃ːn,ɯ̃ːn,ɯ ̃ ː n,,LearnGaelic2021,,,,
Scottish_Gaelic-2_two-1,,Scottish_Gaelic,2_two,ɣaː,ɣaː,ɣ / d a ː,,LearnGaelic2021,,,,
Scottish_Gaelic-3_three-1,,Scottish_Gaelic,3_three,triː,triː,t r i ː,,LearnGaelic2021,,,,
Scottish_Gaelic-4_four-1,,Scottish_Gaelic,4_four,kʲehɪrʲ,kʲehɪrʲ,k ʲ e h ɪ r ʲ,,LearnGaelic2021,,,,
Scottish_Gaelic-5_five-1,,Scottish_Gaelic,5_five,koːgʲ,koːgʲ,k o ː g ʲ,,LearnGaelic2021,,,,
Scottish_Gaelic-6_six-1,,Scottish_Gaelic,6_six,ʃia,ʃia,ʃ i a,,LearnGaelic2021,,,,
Scottish_Gaelic-7_seven-1,,Scottish_Gaelic,7_seven,ʃɛxg,ʃɛxg,ʃ ɛ x g,,LearnGaelic2021,,,,
Scottish_Gaelic-8_eight-1,,Scottish_Gaelic,8_eight,ɔxg,ɔxg,ɔ x g,,LearnGaelic2021,,,,
Scottish_Gaelic-9_nine-1,,Scottish_Gaelic,9_nine,ŋɯj,ŋɯj,ŋ ɯ j,,LearnGaelic2021,,,,
Scottish_Gaelic-10_ten-1,,Scottish_Gaelic,10_ten,dʲeç,dʲeç,d ʲ e ç,,LearnGaelic2021,,,,
Scottish_Gaelic-11_eleven-1,,Scottish_Gaelic,11_eleven,ɯ̃ːndʲiəg,ɯ̃ːndʲiəg,ɯ ̃ ː n + d ʲ i ə g,,LearnGaelic2021,,,,
Scottish_Gaelic-12_twelve-1,,Scottish_Gaelic,12_twelve,ɣaːjiəg,ɣaːjiəg,ɣ / d a ː + j / d ʲ i ə g,,LearnGaelic2021,,,,
Scottish_Gaelic-13_thirteen-1,,Scottish_Gaelic,13_thirteen,triːdʲiəg,triːdʲiəg,t r i ː + d ʲ i ə g,,LearnGaelic2021,,,,
Scottish_Gaelic-14_fourteen-1,,Scottish_Gaelic,14_fourteen,kʲehɪrʲdʲiəg,kʲehɪrʲdʲiəg,k ʲ e h ɪ r ʲ + d ʲ i ə g,,LearnGaelic2021,,,,
Scottish_Gaelic-15_fifteen-1,,Scottish_Gaelic,15_fifteen,koːgʲdʲiəg,koːgʲdʲiəg,k o ː g ʲ + d ʲ i ə g,,LearnGaelic2021,,,,
Scottish_Gaelic-16_sixteen-1,,Scottish_Gaelic,16_sixteen,ʃiadʲiəg,ʃiadʲiəg,ʃ i a + d ʲ i ə g,,LearnGaelic2021,,,,
Scottish_Gaelic-17_seventeen-1,,Scottish_Gaelic,17_seventeen,ʃɛxgdʲiəg,ʃɛxgdʲiəg,ʃ ɛ x g + d ʲ i ə g,,LearnGaelic2021,,,,
Scottish_Gaelic-18_eighteen-1,,Scottish_Gaelic,18_eighteen,ɔxgdʲiəg,ɔxgdʲiəg,ɔ x g + d ʲ i ə g,,LearnGaelic2021,,,,
Scottish_Gaelic-19_nineteen-1,,Scottish_Gaelic,19_nineteen,ŋɯjdʲiəg,ŋɯjdʲiəg,ŋ ɯ j + d ʲ i ə g,,LearnGaelic2021,,,,
Scottish_Gaelic-20_twenty-1,,Scottish_Gaelic,20_twenty,fiçəd,fiçəd,f i ç + ə d,,LearnGaelic2021,,,,
Scottish_Gaelic-21_twentyone-1,,Scottish_Gaelic,21_twentyone,fiçədsəhɯ̃ːn,fiçədsəhɯ̃ːn,f i ç + ə d + - / a - / ɣ - / ə s + ə + h / - ɯ ̃ ː n,,LearnGaelic2021,,,,
Scottish_Gaelic-21_twentyone-2,,Scottish_Gaelic,21_twentyone,ɯ̃ːnɛrʲiçəd,ɯ̃ːnɛrʲiçəd,ɯ ̃ ː n + ɛ r ʲ + - / f i ç + ə d,,LearnGaelic2021,,,,
Scottish_Gaelic-22_twentytwo-1,,Scottish_Gaelic,22_twentytwo,fiçədsəɣaː,fiçədsəɣaː,f i ç + ə d + - / a - / ɣ - / ə s + ə + ɣ / d a ː,,LearnGaelic2021,,,,
Scottish_Gaelic-22_twentytwo-2,,Scottish_Gaelic,22_twentytwo,ɣaːɛrʲiçəd,ɣaːɛrʲiçəd,ɣ / d a ː + ɛ r ʲ + - / f i ç + ə d,,LearnGaelic2021,,,,
Scottish_Gaelic-23_twentythree-1,,Scottish_Gaelic,23_twentythree,fiçədsətriː,fiçədsətriː,f i ç + ə d + - / a - / ɣ - / ə s + ə + t r i ː,,LearnGaelic2021,,,,
Scottish_Gaelic-23_twentythree-2,,Scottish_Gaelic,23_twentythree,triːɛrʲiçəd,triːɛrʲiçəd,t r i ː + ɛ r ʲ + - / f i ç + ə d,,LearnGaelic2021,,,,
Scottish_Gaelic-24_twentyfour-1,,Scottish_Gaelic,24_twentyfour,fiçədsəkʲehɪrʲ,fiçədsəkʲehɪrʲ,f i ç + ə d + - / a - / ɣ - / ə s + ə + k ʲ e h ɪ r ʲ,,LearnGaelic2021,,,,
Scottish_Gaelic-24_twentyfour-2,,Scottish_Gaelic,24_twentyfour,kʲehɪrʲɛrʲiçəd,kʲehɪrʲɛrʲiçəd,k ʲ e h ɪ r ʲ + ɛ r ʲ + - / f i ç + ə d,,LearnGaelic2021,,,,
Scottish_Gaelic-25_twentyfive-1,,Scottish_Gaelic,25_twentyfive,fiçədsəkoːgʲ,fiçədsəkoːgʲ,f i ç + ə d + - / a - / ɣ - / ə s + ə + k o ː g ʲ,,LearnGaelic2021,,,,
Scottish_Gaelic-25_twentyfive-2,,Scottish_Gaelic,25_twentyfive,koːgʲɛrʲiçəd,koːgʲɛrʲiçəd,k o ː g ʲ + ɛ r ʲ + - / f i ç + ə d,,LearnGaelic2021,,,,
Scottish_Gaelic-26_twentysix-1,,Scottish_Gaelic,26_twentysix,fiçədsəʃia,fiçədsəʃia,f i ç + ə d + - / a - / ɣ - / ə s + ə + ʃ i a,,LearnGaelic2021,,,,
Scottish_Gaelic-26_twentysix-2,,Scottish_Gaelic,26_twentysix,ʃiaɛrʲiçəd,ʃiaɛrʲiçəd,ʃ i a + ɛ r ʲ + - / f i ç + ə d,,LearnGaelic2021,,,,
Scottish_Gaelic-27_twentyseven-1,,Scottish_Gaelic,27_twentyseven,fiçədsəʃɛxg,fiçədsəʃɛxg,f i ç + ə d + - / a - / ɣ - / ə s + ə + ʃ ɛ x g,,LearnGaelic2021,,,,
Scottish_Gaelic-27_twentyseven-2,,Scottish_Gaelic,27_twentyseven,ʃɛxgɛrʲiçəd,ʃɛxgɛrʲiçəd,ʃ ɛ x g + ɛ r ʲ + - / f i ç + ə d,,LearnGaelic2021,,,,
Scottish_Gaelic-28_twentyeight-1,,Scottish_Gaelic,28_twentyeight,fiçədsəhɔxg,fiçədsəhɔxg,f i ç + ə d + - / a - / ɣ - / ə s + ə + h / - ɔ x g,,LearnGaelic2021,,,,
Scottish_Gaelic-28_twentyeight-2,,Scottish_Gaelic,28_twentyeight,ɔxgɛrʲiçəd,ɔxgɛrʲiçəd,ɔ x g + ɛ r ʲ + - / f i ç + ə d,,LearnGaelic2021,,,,
Scottish_Gaelic-29_twentynine-1,,Scottish_Gaelic,29_twentynine,fiçədsəŋɯj,fiçədsəŋɯj,f i ç + ə d + - / a - / ɣ - / ə s + ə + ŋ ɯ j,,LearnGaelic2021,,,,
Scottish_Gaelic-29_twentynine-2,,Scottish_Gaelic,29_twentynine,ŋɯjɛrʲiçəd,ŋɯjɛrʲiçəd,ŋ ɯ j + ɛ r ʲ + - / f i ç + ə d,,LearnGaelic2021,,,,
Scottish_Gaelic-30_thirty-1,,Scottish_Gaelic,30_thirty,triçəd,triçəd,t r i / i ː + ç / - ə d,,LearnGaelic2021,,,,
Scottish_Gaelic-30_thirty-2,,Scottish_Gaelic,30_thirty,dʲeçɛrʲiçəd,dʲeçɛrʲiçəd,d ʲ e ç + ɛ r ʲ + - / f i ç + ə d,,LearnGaelic2021,,,,
Scottish_Gaelic-31_thirtyone-1,,Scottish_Gaelic,31_thirtyone,triçədsəhɯ̃ːn,triçədsəhɯ̃ːn,t r i / i ː + ç / - ə d + - / a - / ɣ - / ə s + ə + h / - ɯ ̃ ː n,,LearnGaelic2021,,,,
Scottish_Gaelic-31_thirtyone-2,,Scottish_Gaelic,31_thirtyone,ɯ̃ːndʲiəgɛrʲiçəd,ɯ̃ːndʲiəgɛrʲiçəd,ɯ ̃ ː n + d ʲ i ə g + ɛ r ʲ + - / f i ç + ə d,,LearnGaelic2021,,,,
Scottish_Gaelic-32_thirtytwo-1,,Scottish_Gaelic,32_thirtytwo,triçədsəɣaː,triçədsəɣaː,t r i / i ː + ç / - ə d + - / a - / ɣ - / ə s + ə + ɣ / d a ː,,LearnGaelic2021,,,,
Scottish_Gaelic-32_thirtytwo-2,,Scottish_Gaelic,32_thirtytwo,ɣaːjiəgɛrʲiçəd,ɣaːjiəgɛrʲiçəd,ɣ / d a ː + j / d ʲ i ə g + ɛ r ʲ + - / f i ç + ə d,,LearnGaelic2021,,,,
Scottish_Gaelic-33_thirtythree-1,,Scottish_Gaelic,33_thirtythree,triçədsətriː,triçədsətriː,t r i / i ː + ç / - ə d + - / a - / ɣ - / ə s + ə + t r i ː,,LearnGaelic2021,,,,
Scottish_Gaelic-33_thirtythree-2,,Scottish_Gaelic,33_thirtythree,triːdʲiəgɛrʲiçəd,triːdʲiəgɛrʲiçəd,t r i ː + d ʲ i ə g + ɛ r ʲ + - / f i ç + ə d,,LearnGaelic2021,,,,
Scottish_Gaelic-34_thirtyfour-1,,Scottish_Gaelic,34_thirtyfour,triçədsəkʲehɪrʲ,triçədsəkʲehɪrʲ,t r i / i ː + ç / - ə d + - / a - / ɣ - / ə s + ə + k ʲ e h ɪ r ʲ,,LearnGaelic2021,,,,
Scottish_Gaelic-34_thirtyfour-2,,Scottish_Gaelic,34_thirtyfour,kʲehɪrʲdʲiəgɛrʲiçəd,kʲehɪrʲdʲiəgɛrʲiçəd,k ʲ e h ɪ r ʲ + d ʲ i ə g + ɛ r ʲ + - / f i ç + ə d,,LearnGaelic2021,,,,
Scottish_Gaelic-35_thirtyfive-1,,Scottish_Gaelic,35_thirtyfive,triçədsəkoːgʲ,triçədsəkoːgʲ,t r i / i ː + ç / - ə d + - / a - / ɣ - / ə s + ə + k o ː g ʲ,,LearnGaelic2021,,,,
Scottish_Gaelic-35_thirtyfive-2,,Scottish_Gaelic,35_thirtyfive,koːgʲdʲiəgɛrʲiçəd,koːgʲdʲiəgɛrʲiçəd,k o ː g ʲ + d ʲ i ə g + ɛ r ʲ + - / f i ç + ə d,,LearnGaelic2021,,,,
Scottish_Gaelic-36_thirtysix-1,,Scottish_Gaelic,36_thirtysix,triçədsəʃia,triçədsəʃia,t r i / i ː + ç / - ə d + - / a - / ɣ - / ə s + ə + ʃ i a,,LearnGaelic2021,,,,
Scottish_Gaelic-36_thirtysix-2,,Scottish_Gaelic,36_thirtysix,ʃiadʲiəgɛrʲiçəd,ʃiadʲiəgɛrʲiçəd,ʃ i a + d ʲ i ə g + ɛ r ʲ + - / f i ç + ə d,,LearnGaelic2021,,,,
Scottish_Gaelic-37_thirtyseven-1,,Scottish_Gaelic,37_thirtyseven,triçədsəʃɛxg,triçədsəʃɛxg,t r i / i ː + ç / - ə d + - / a - / ɣ - / ə s + ə + ʃ ɛ x g,,LearnGaelic2021,,,,
Scottish_Gaelic-37_thirtyseven-2,,Scottish_Gaelic,37_thirtyseven,ʃɛxgdʲiəgɛrʲiçəd,ʃɛxgdʲiəgɛrʲiçəd,ʃ ɛ x g + d ʲ i ə g + ɛ r ʲ + - / f i ç + ə d,,LearnGaelic2021,,,,
Scottish_Gaelic-38_thirtyeight-1,,Scottish_Gaelic,38_thirtyeight,triçədsəhɔxg,triçədsəhɔxg,t r i / i ː + ç / - ə d + - / a - / ɣ - / ə s + ə + h / - ɔ x g,,LearnGaelic2021,,,,
Scottish_Gaelic-38_thirtyeight-2,,Scottish_Gaelic,38_thirtyeight,ɔxgdʲiəgɛrʲiçəd,ɔxgdʲiəgɛrʲiçəd,ɔ x g + d ʲ i ə g + ɛ r ʲ + - / f i ç + ə d,,LearnGaelic2021,,,,
Scottish_Gaelic-39_thirtynine-1,,Scottish_Gaelic,39_thirtynine,triçədsəŋɯj,triçədsəŋɯj,t r i / i ː + ç / - ə d + - / a - / ɣ - / ə s + ə + ŋ ɯ j,,LearnGaelic2021,,,,
Scottish_Gaelic-39_thirtynine-2,,Scottish_Gaelic,39_thirtynine,ŋɯjdʲiəgɛrʲiçəd,ŋɯjdʲiəgɛrʲiçəd,ŋ ɯ j + d ʲ i ə g + ɛ r ʲ + - / f i ç + ə d,,LearnGaelic2021,,,,
Scottish_Gaelic-40_forty-1,,Scottish_Gaelic,40_forty,daːiçəd,daːiçəd,d a ː + - / f i ç + ə d,,LearnGaelic2021,,,,
Scottish_Gaelic-40_forty-2,,Scottish_Gaelic,40_forty,kʲɛrəd,kʲɛrəd,k ʲ ɛ / e - / h - / ɪ r / r ʲ + ə d,,LearnGaelic2021,,,,
